first,last,website,twitter,img
Alena,Holligan,sketchings.com,sketchings,https://pbs.twimg.com/profile_images/783345725547708416/jV-j2pxp_400x400.jpg
Cal,Evans,blog.calevans.com,CalEvans,https://pbs.twimg.com/profile_images/757959304758657025/dLvUXeuk_400x400.jpg
Brian,Retterer,brianretterer.com,bretterer,https://pbs.twimg.com/profile_images/595597046586945536/xcbQByy1_400x400.jpg
Lorna,Mitchell,lornajane.net,lornajane,https://pbs.twimg.com/profile_images/1509896668/lorna-square_400x400.png
Davey,Shafik,daveyshafik.com,dshafik,https://pbs.twimg.com/profile_images/615577340467216384/hIQgIvkM_400x400.jpg
Gary,Hockin,blog.hock.in,GeeH,https://pbs.twimg.com/profile_images/812618748939137024/9Rx6ttxH_400x400.jpg
Samantha,Qui√±ones,about.me/samantha.quinones,ieatkillerbees,https://pbs.twimg.com/profile_images/809064852413173761/BCkZS14D_400x400.jpg
Adam,Wathan,adamwathan.me,adamwathan,https://pbs.twimg.com/profile_images/593076708774928384/DBPcKygB_400x400.jpg
Larry,Garfield,garfieldtech.com,Crell,https://pbs.twimg.com/profile_images/627613839861788674/x_XBgb56_400x400.jpg
Tessa,Mero,tessamero.com,TessaMero,https://pbs.twimg.com/profile_images/764368062006956032/RGodUDcE_400x400.jpg
Jonathan,Reinink,reinink.ca,reinink,https://pbs.twimg.com/profile_images/797442562684370944/wCMWLE_q_400x400.jpg
Jordi,Boggiano,seld.be,seldaek,https://pbs.twimg.com/profile_images/1310466219/avatar-300-sq_400x400.jpg
Sara,Golemon,blog.golemon.com,SaraMG,https://pbs.twimg.com/profile_images/798395189161324544/1CUDbjKh_400x400.jpg
Sammy Kaye,Powers,sammyk.me,SammyK,https://pbs.twimg.com/profile_images/462307725850861569/aLTMT0LS_400x400.jpeg
Eli,White,eliw.com,EliW,https://pbs.twimg.com/profile_images/808364829417308166/9KKDoUU-_400x400.jpg
Beth,Tucker Long,treelinedesign.com,e3BethT,https://pbs.twimg.com/profile_images/516958891360256001/fgbDHP7h_400x400.png
Adam,Culp,geekyboy.com,adamculp,https://pbs.twimg.com/profile_images/493836789153398784/n4Y3CzVa_400x400.png
Chris,Cornutt,blog.phpdeveloper.org,enygma,https://pbs.twimg.com/profile_images/486921116355538944/NI5JOVA5_400x400.jpeg
Elizabeth,Smith,emsmith.net,auroraeosrose,https://pbs.twimg.com/profile_images/25760052/headshot_400x400.jpg
Jeremy,Mikola,jmikola.net,jmikola,https://pbs.twimg.com/profile_images/605734981554421761/WUhPQ2l__400x400.png
Joe,Ferguson,JoeFerguson.me,JoePFerguson,https://pbs.twimg.com/profile_images/809531030390636544/FHZD8W6x_400x400.jpg
Michelle,Sanver,about.me/michellesanver,michellesanver,https://pbs.twimg.com/profile_images/525287455168401408/y3Lso7gF_400x400.jpeg
Zeev,Suraski,zsuraski.blogspot.com,zeevs,https://pbs.twimg.com/profile_images/623613686201085953/BaBg2wkn_400x400.jpg
Rasmus,Lerdorf,toys.lerdorf.com,rasmus,https://pbs.twimg.com/profile_images/1844920209/rl_crop-modified_400x400.jpg
Emma Jane,Hogbin Westby,emmajane.net,emmajanehw,https://pbs.twimg.com/profile_images/688669758598844416/YlfoPGLe_400x400.jpg
Michelangelo,van Dam,dragonbe.com,DragonBe,https://pbs.twimg.com/profile_images/783855204034834432/2gMYC--5_400x400.jpg
Taylor,Otwell,laravel.com,taylorotwell,https://pbs.twimg.com/profile_images/745781059040645120/Hg8W0kXe_400x400.jpg